{"feature_names": ["temp_win_c", "hum_win_pct", "light_win_lux", "temp_bed_c", "hum_bed_pct", "lux_bed", "light_bed_lux", "temp_door_c", "hum_door_pct", "mic_v", "light_door_v", "temp_outdoor_c", "hum_outdoor_pct"], "mean": [23.407743589743593, 44.77030769230769, 0.0, 23.26428571428571, 46.38801020408163, 7.4826530612244895, 0.0, 27.393010204081637, 34.45459183673469, 0.3780612244897959, 1.2279387755102043, -3.8264367816091944, 75.0632183908046], "std": [0.02304345701283655, 0.131816314636593, 1.0, 0.03881493249732092, 0.09578221859480711, 0.17041335843117822, 1.0, 0.15647973838758464, 0.24209184969768052, 0.10393348286005787, 0.04161469779560955, 0.2797605103844121, 1.2711252413486456], "weights": [0.7570114118095508, -0.2044433859226066, 0.0, 0.21898635023672136, -1.8059594272346353, -0.19003571392381938, 0.0, -0.0921865248523498, 0.6010183640286302, 0.002402650130846858, 0.05950628532434761, 0.7917304167617409, 0.7007543866326444], "bias": 0.3082548343181006, "trained_at": 1764406197.2370803, "n_samples": 197}