{"feature_names": ["temp_win_c", "hum_win_pct", "light_win_lux", "temp_bed_c", "hum_bed_pct", "lux_bed", "light_bed_lux", "temp_door_c", "hum_door_pct", "mic_v", "light_door_v", "temp_outdoor_c", "hum_outdoor_pct"], "mean": [23.40959798994975, 44.760854271356784, 0.0, 23.264278606965174, 46.38791044776119, 7.316417910447761, 0.0, 27.405450000000002, 34.458, 0.37242000000000003, 1.20869, -3.8630434782608694, 74.7336956521739], "std": [0.025816880145820984, 0.14395978326406475, 1.0, 0.0379880732624465, 0.09351231255467006, 1.0389883152865775, 1.0, 0.17551249318980264, 0.23740953018814218, 0.10857008066432915, 0.1385259664526565, 0.3085629435092951, 1.7936429436907992], "weights": [0.7094305122263436, -0.191361035471506, 0.0, 0.16670662879866324, -1.7484006751206622, 0.18607422263055734, 0.0, -0.10666543763259204, 0.38764176185224697, 0.13488535309927585, 0.2638656584666157, 0.9100334742697992, 0.28412014107422373], "bias": 0.3144716190281764, "trained_at": 1764408380.485478, "n_samples": 207}