{
  "k_temp": 0.031111111111111114,
  "k_hum": 0.047475196456636136
}