{
  "k_temp": 0.022222222222222223,
  "k_hum": 0.02837480338028402
}